WKT,name,description
"POLYGON ((-117.3627527 33.1698653, -117.3280771 33.1215723, -117.3009546 33.1244476, -117.2728021 33.1368105, -117.2257669 33.1514711, -117.2243936 33.1738885, -117.2384698 33.1891176, -117.2604425 33.1948637, -117.308851 33.179923, -117.3627527 33.1698653))",Carlsbad, CA,
"POLYGON ((-112.0145803 33.7731176, -112.2537905 33.7823922, -112.3928362 33.6961003, -112.4219328 33.5195357, -112.2586829 33.3933965, -112.1415239 33.3137088, -111.9213682 33.3095127, -111.879397 33.2096791, -111.6425042 33.2344148, -111.6461091 33.3463383, -111.7426686 33.4511361, -111.800347 33.5502281, -111.8629175 33.7188416, -112.0145803 33.7731176))",Phoenix,
